{
  "losses": [
    0.387974214550676,
    0.08850065154078716,
    0.08328122703034936,
    0.08521184500827754,
    0.08548815181909003
  ],
  "metrics": {
    "both": {
      "optimistic": {
        "adjusted_arithmetic_mean_rank": 0.06370995785915017,
        "adjusted_arithmetic_mean_rank_index": 0.9364168101821208,
        "adjusted_geometric_mean_rank_index": 0.9882694909392397,
        "adjusted_hits_at_k": 0.23578201271472002,
        "adjusted_inverse_harmonic_mean_rank": 0.09544616765404902,
        "arithmetic_mean_rank": 470.61605525553995,
        "count": 118142.0,
        "geometric_mean_rank": 64.70381195231751,
        "harmonic_mean_rank": 10.409029042168488,
        "hits_at_1": 0.022295204076450373,
        "hits_at_10": 0.23630038428332006,
        "hits_at_3": 0.11115437355047315,
        "hits_at_5": 0.15899510758240085,
        "inverse_arithmetic_mean_rank": 0.0021248743829128604,
        "inverse_geometric_mean_rank": 0.015455039971013374,
        "inverse_harmonic_mean_rank": 0.0960704399948213,
        "inverse_median_rank": 0.016129032258064516,
        "median_absolute_deviation": 87.47353089183052,
        "median_rank": 62.0,
        "standard_deviation": 1227.0405266323903,
        "variance": 1505628.4539982935,
        "z_arithmetic_mean_rank": 556.996911619828,
        "z_geometric_mean_rank": 340.27467632745845,
        "z_hits_at_k": 3110.669780921061,
        "z_inverse_harmonic_mean_rank": 3110.387390023953
      },
      "pessimistic": {
        "adjusted_arithmetic_mean_rank": 0.06371013317762776,
        "adjusted_arithmetic_mean_rank_index": 0.9364166348399061,
        "adjusted_geometric_mean_rank_index": 0.988269464481346,
        "adjusted_hits_at_k": 0.23578201271472002,
        "adjusted_inverse_harmonic_mean_rank": 0.0954461420902471,
        "arithmetic_mean_rank": 470.61735030725737,
        "count": 118142.0,
        "geometric_mean_rank": 64.70395563480139,
        "harmonic_mean_rank": 10.409031810041562,
        "hits_at_1": 0.022295204076450373,
        "hits_at_10": 0.23630038428332006,
        "hits_at_3": 0.11115437355047315,
        "hits_at_5": 0.15899510758240085,
        "inverse_arithmetic_mean_rank": 0.0021248685356524116,
        "inverse_geometric_mean_rank": 0.01545500565134142,
        "inverse_harmonic_mean_rank": 0.09607041444866207,
        "inverse_median_rank": 0.016129032258064516,
        "median_absolute_deviation": 87.47353089183052,
        "median_rank": 62.0,
        "standard_deviation": 1227.0433555953107,
        "variance": 1505635.3965106003,
        "z_arithmetic_mean_rank": 556.9968073232467,
        "z_geometric_mean_rank": 340.2746672176445,
        "z_hits_at_k": 3110.669780921061,
        "z_inverse_harmonic_mean_rank": 3110.386556954076
      },
      "realistic": {
        "adjusted_arithmetic_mean_rank": 0.06371004916743025,
        "adjusted_arithmetic_mean_rank_index": 0.936416718861478,
        "adjusted_geometric_mean_rank_index": 0.9882694769468622,
        "adjusted_hits_at_k": 0.23578201271472002,
        "adjusted_inverse_harmonic_mean_rank": 0.09544615882598284,
        "arithmetic_mean_rank": 470.6167297363281,
        "count": 118142.0,
        "geometric_mean_rank": 64.70388793945312,
        "harmonic_mean_rank": 10.409029998010757,
        "hits_at_1": 0.022295204076450373,
        "hits_at_10": 0.23630038428332006,
        "hits_at_3": 0.11115437355047315,
        "hits_at_5": 0.15899510758240085,
        "inverse_arithmetic_mean_rank": 0.0021248713601380587,
        "inverse_geometric_mean_rank": 0.015455021522939205,
        "inverse_harmonic_mean_rank": 0.09607043117284775,
        "inverse_median_rank": 0.016129031777381897,
        "median_absolute_deviation": 87.47353089183052,
        "median_rank": 62.0,
        "standard_deviation": 1227.0418701171875,
        "variance": 1505631.875,
        "z_arithmetic_mean_rank": 556.9968573007305,
        "z_geometric_mean_rank": 340.27467150969187,
        "z_hits_at_k": 3110.669780921061,
        "z_inverse_harmonic_mean_rank": 3110.3871023360716
      }
    },
    "head": {
      "optimistic": {
        "adjusted_arithmetic_mean_rank": 0.06903984530055676,
        "adjusted_arithmetic_mean_rank_index": 0.931086545125601,
        "adjusted_geometric_mean_rank_index": 0.9863993165917747,
        "adjusted_hits_at_k": 0.2127670153068541,
        "adjusted_inverse_harmonic_mean_rank": 0.0865667168216774,
        "arithmetic_mean_rank": 508.5992111188231,
        "count": 59071.0,
        "geometric_mean_rank": 74.64753141948971,
        "harmonic_mean_rank": 11.468041292283711,
        "hits_at_1": 0.0199759611315197,
        "hits_at_10": 0.21330263581114253,
        "hits_at_3": 0.09884715003978263,
        "hits_at_5": 0.14226947232990808,
        "inverse_arithmetic_mean_rank": 0.0019661847249038927,
        "inverse_geometric_mean_rank": 0.013396290285614324,
        "inverse_harmonic_mean_rank": 0.08719884891527653,
        "inverse_median_rank": 0.013333333333333334,
        "median_absolute_deviation": 106.74735973240334,
        "median_rank": 75.0,
        "standard_deviation": 1281.519405391402,
        "variance": 1642291.9863947327,
        "z_arithmetic_mean_rank": 391.55764958806486,
        "z_geometric_mean_rank": 240.13905553440475,
        "z_hits_at_k": 1981.8334451075452,
        "z_inverse_harmonic_mean_rank": 1991.7219151949016
      },
      "pessimistic": {
        "adjusted_arithmetic_mean_rank": 0.06904001535247062,
        "adjusted_arithmetic_mean_rank_index": 0.9310863750506003,
        "adjusted_geometric_mean_rank_index": 0.9863992774176542,
        "adjusted_hits_at_k": 0.2127670153068541,
        "adjusted_inverse_harmonic_mean_rank": 0.08656667634705136,
        "arithmetic_mean_rank": 508.60046384858896,
        "count": 59071.0,
        "geometric_mean_rank": 74.64774354686459,
        "harmonic_mean_rank": 11.468046611662158,
        "hits_at_1": 0.0199759611315197,
        "hits_at_10": 0.21330263581114253,
        "hits_at_3": 0.09884715003978263,
        "hits_at_5": 0.14226947232990808,
        "inverse_arithmetic_mean_rank": 0.001966179882009902,
        "inverse_geometric_mean_rank": 0.013396252217217927,
        "inverse_harmonic_mean_rank": 0.08719880846866054,
        "inverse_median_rank": 0.013333333333333334,
        "median_absolute_deviation": 106.74735973240334,
        "median_rank": 75.0,
        "standard_deviation": 1281.5217387992573,
        "variance": 1642297.9670150715,
        "z_arithmetic_mean_rank": 391.55757806499554,
        "z_geometric_mean_rank": 240.13904599745948,
        "z_hits_at_k": 1981.8334451075452,
        "z_inverse_harmonic_mean_rank": 1991.7209839570928
      },
      "realistic": {
        "adjusted_arithmetic_mean_rank": 0.06903993664537933,
        "adjusted_arithmetic_mean_rank_index": 0.9310864537683772,
        "adjusted_geometric_mean_rank_index": 0.9863992957933005,
        "adjusted_hits_at_k": 0.2127670153068541,
        "adjusted_inverse_harmonic_mean_rank": 0.08656669903508686,
        "arithmetic_mean_rank": 508.5998840332031,
        "count": 59071.0,
        "geometric_mean_rank": 74.64764404296875,
        "harmonic_mean_rank": 11.46804362988608,
        "hits_at_1": 0.0199759611315197,
        "hits_at_10": 0.21330263581114253,
        "hits_at_3": 0.09884715003978263,
        "hits_at_5": 0.14226947232990808,
        "inverse_arithmetic_mean_rank": 0.001966182142496109,
        "inverse_geometric_mean_rank": 0.013396269641816616,
        "inverse_harmonic_mean_rank": 0.08719883114099503,
        "inverse_median_rank": 0.013333333656191826,
        "median_absolute_deviation": 106.74735973240334,
        "median_rank": 75.0,
        "standard_deviation": 1281.5206298828125,
        "variance": 1642295.0,
        "z_arithmetic_mean_rank": 391.5576111688438,
        "z_geometric_mean_rank": 240.1390504710132,
        "z_hits_at_k": 1981.8334451075452,